,week,game,person,correct_pts,incorrect_pts,correct
0,1,0,0,16,0,True
1,1,1,0,15,0,True
2,1,2,0,14,0,True
3,1,3,0,0,13,False
4,1,4,0,12,0,True
5,1,5,0,11,0,True
6,1,6,0,10,0,True
7,1,7,0,9,0,True
8,1,8,0,0,8,False
9,1,9,0,7,0,True
10,1,10,0,6,0,True
11,1,11,0,5,0,True
12,1,12,0,4,0,True
13,1,13,0,0,3,False
14,1,14,0,0,2,False
15,1,15,0,0,1,False
16,1,0,1,16,0,True
17,1,1,1,15,0,True
18,1,2,1,0,14,False
19,1,3,1,0,13,False
20,1,4,1,12,0,True
21,1,5,1,11,0,True
22,1,6,1,10,0,True
23,1,7,1,9,0,True
24,1,8,1,0,8,False
25,1,9,1,0,7,False
26,1,10,1,0,6,False
27,1,11,1,5,0,True
28,1,12,1,4,0,True
29,1,13,1,0,3,False
30,1,14,1,2,0,True
31,1,15,1,0,1,False
32,1,0,2,0,1,False
33,1,1,2,15,0,True
34,1,2,2,0,4,False
35,1,3,2,0,10,False
36,1,4,2,9,0,True
37,1,5,2,0,5,False
38,1,6,2,12,0,True
39,1,7,2,13,0,True
40,1,8,2,0,3,False
41,1,9,2,0,6,False
42,1,10,2,0,7,False
43,1,11,2,14,0,True
44,1,12,2,11,0,True
45,1,13,2,0,16,False
46,1,14,2,8,0,True
47,1,15,2,0,2,False
48,1,0,3,2,0,True
49,1,1,3,16,0,True
50,1,2,3,1,0,True
51,1,3,3,0,14,False
52,1,4,3,4,0,True
53,1,5,3,3,0,True
54,1,6,3,15,0,True
55,1,7,3,6,0,True
56,1,8,3,0,7,False
57,1,9,3,0,13,False
58,1,10,3,0,5,False
59,1,11,3,10,0,True
60,1,12,3,12,0,True
61,1,13,3,0,9,False
62,1,14,3,8,0,True
63,1,15,3,0,11,False
64,1,0,4,7,0,True
65,1,1,4,16,0,True
66,1,2,4,0,9,False
67,1,3,4,0,15,False
68,1,4,4,10,0,True
69,1,5,4,4,0,True
70,1,6,4,5,0,True
71,1,7,4,14,0,True
72,1,8,4,0,2,False
73,1,9,4,0,13,False
74,1,10,4,0,3,False
75,1,11,4,11,0,True
76,1,12,4,6,0,True
77,1,13,4,0,12,False
78,1,14,4,1,0,True
79,1,15,4,0,8,False
80,1,0,5,0,16,False
81,1,1,5,15,0,True
82,1,2,5,0,14,False
83,1,3,5,0,13,False
84,1,4,5,12,0,True
85,1,5,5,11,0,True
86,1,6,5,10,0,True
87,1,7,5,9,0,True
88,1,8,5,0,8,False
89,1,9,5,7,0,True
90,1,10,5,0,6,False
91,1,11,5,5,0,True
92,1,12,5,4,0,True
93,1,13,5,0,3,False
94,1,14,5,0,2,False
95,1,15,5,0,1,False
96,1,0,6,3,0,True
97,1,1,6,16,0,True
98,1,2,6,2,0,True
99,1,3,6,0,15,False
100,1,4,6,1,0,True
101,1,5,6,0,4,False
102,1,6,6,0,5,False
103,1,7,6,0,6,False
104,1,8,6,0,11,False
105,1,9,6,0,14,False
106,1,10,6,7,0,True
107,1,11,6,13,0,True
108,1,12,6,12,0,True
109,1,13,6,0,10,False
110,1,14,6,9,0,True
111,1,15,6,8,0,True
112,1,0,7,1,0,True
113,1,1,7,16,0,True
114,1,2,7,0,6,False
115,1,3,7,0,15,False
116,1,4,7,10,0,True
117,1,5,7,9,0,True
118,1,6,7,2,0,True
119,1,7,7,14,0,True
120,1,8,7,3,0,True
121,1,9,7,0,13,False
122,1,10,7,5,0,True
123,1,11,7,0,8,False
124,1,12,7,4,0,True
125,1,13,7,0,12,False
126,1,14,7,7,0,True
127,1,15,7,0,11,False
128,1,0,8,1,0,True
129,1,1,8,15,0,True
130,1,2,8,0,14,False
131,1,3,8,0,12,False
132,1,4,8,11,0,True
133,1,5,8,4,0,True
134,1,6,8,10,0,True
135,1,7,8,9,0,True
136,1,8,8,0,8,False
137,1,9,8,0,7,False
138,1,10,8,0,5,False
139,1,11,8,13,0,True
140,1,12,8,6,0,True
141,1,13,8,0,16,False
142,1,14,8,2,0,True
143,1,15,8,0,3,False
144,1,0,9,0,4,False
145,1,1,9,14,0,True
146,1,2,9,0,2,False
147,1,3,9,0,1,False
148,1,4,9,0,9,False
149,1,5,9,10,0,True
150,1,6,9,15,0,True
151,1,7,9,11,0,True
152,1,8,9,0,8,False
153,1,9,9,0,12,False
154,1,10,9,5,0,True
155,1,11,9,6,0,True
156,1,12,9,3,0,True
157,1,13,9,0,16,False
158,1,14,9,7,0,True
159,1,15,9,0,13,False
160,1,0,10,1,0,True
161,1,1,10,12,0,True
162,1,2,10,0,2,False
163,1,3,10,0,15,False
164,1,4,10,3,0,True
165,1,5,10,0,7,False
166,1,6,10,11,0,True
167,1,7,10,4,0,True
168,1,8,10,0,10,False
169,1,9,10,0,13,False
170,1,10,10,8,0,True
171,1,11,10,16,0,True
172,1,12,10,9,0,True
173,1,13,10,0,6,False
174,1,14,10,5,0,True
175,1,15,10,0,14,False
176,1,0,11,15,0,True
177,1,1,11,16,0,True
178,1,2,11,0,14,False
179,1,3,11,0,13,False
180,1,4,11,12,0,True
181,1,5,11,0,11,False
182,1,6,11,10,0,True
183,1,7,11,9,0,True
184,1,8,11,0,8,False
185,1,9,11,0,7,False
186,1,10,11,0,6,False
187,1,11,11,5,0,True
188,1,12,11,0,4,False
189,1,13,11,0,3,False
190,1,14,11,2,0,True
191,1,15,11,0,1,False
192,1,0,12,8,0,True
193,1,1,12,16,0,True
194,1,2,12,0,15,False
195,1,3,12,0,14,False
196,1,4,12,10,0,True
197,1,5,12,0,7,False
198,1,6,12,12,0,True
199,1,7,12,13,0,True
200,1,8,12,0,11,False
201,1,9,12,0,6,False
202,1,10,12,0,4,False
203,1,11,12,0,1,False
204,1,12,12,2,0,True
205,1,13,12,0,9,False
206,1,14,12,5,0,True
207,1,15,12,3,0,True
208,1,0,13,3,0,True
209,1,1,13,12,0,True
210,1,2,13,1,0,True
211,1,3,13,0,11,False
212,1,4,13,8,0,True
213,1,5,13,0,2,False
214,1,6,13,15,0,True
215,1,7,13,7,0,True
216,1,8,13,0,16,False
217,1,9,13,0,9,False
218,1,10,13,0,5,False
219,1,11,13,10,0,True
220,1,12,13,13,0,True
221,1,13,13,0,6,False
222,1,14,13,0,4,False
223,1,15,13,0,14,False
224,1,0,14,3,0,True
225,1,1,14,15,0,True
226,1,2,14,0,1,False
227,1,3,14,0,16,False
228,1,4,14,4,0,True
229,1,5,14,7,0,True
230,1,6,14,9,0,True
231,1,7,14,8,0,True
232,1,8,14,0,13,False
233,1,9,14,0,14,False
234,1,10,14,0,2,False
235,1,11,14,11,0,True
236,1,12,14,6,0,True
237,1,13,14,0,10,False
238,1,14,14,5,0,True
239,1,15,14,0,12,False
240,1,0,15,7,0,True
241,1,1,15,16,0,True
242,1,2,15,0,6,False
243,1,3,15,0,11,False
244,1,4,15,0,4,False
245,1,5,15,5,0,True
246,1,6,15,15,0,True
247,1,7,15,9,0,True
248,1,8,15,0,8,False
249,1,9,15,0,14,False
250,1,10,15,0,2,False
251,1,11,15,12,0,True
252,1,12,15,3,0,True
253,1,13,15,0,13,False
254,1,14,15,1,0,True
255,1,15,15,0,10,False
256,1,0,16,3,0,True
257,1,1,16,14,0,True
258,1,2,16,0,4,False
259,1,3,16,0,16,False
260,1,4,16,0,1,False
261,1,5,16,6,0,True
262,1,6,16,9,0,True
263,1,7,16,10,0,True
264,1,8,16,0,15,False
265,1,9,16,0,13,False
266,1,10,16,2,0,True
267,1,11,16,11,0,True
268,1,12,16,7,0,True
269,1,13,16,0,8,False
270,1,14,16,5,0,True
271,1,15,16,0,12,False
272,1,0,17,0,4,False
273,1,1,17,16,0,True
274,1,2,17,0,10,False
275,1,3,17,0,15,False
276,1,4,17,0,3,False
277,1,5,17,0,2,False
278,1,6,17,13,0,True
279,1,7,17,8,0,True
280,1,8,17,0,12,False
281,1,9,17,0,7,False
282,1,10,17,0,5,False
283,1,11,17,14,0,True
284,1,12,17,6,0,True
285,1,13,17,1,0,True
286,1,14,17,9,0,True
287,1,15,17,0,11,False
288,1,0,18,0,1,False
289,1,1,18,9,0,True
290,1,2,18,0,3,False
291,1,3,18,0,14,False
292,1,4,18,4,0,True
293,1,5,18,6,0,True
294,1,6,18,11,0,True
295,1,7,18,10,0,True
296,1,8,18,0,2,False
297,1,9,18,0,16,False
298,1,10,18,8,0,True
299,1,11,18,7,0,True
300,1,12,18,0,5,False
301,1,13,18,0,15,False
302,1,14,18,12,0,True
303,1,15,18,0,13,False
304,1,0,19,1,0,True
305,1,1,19,15,0,True
306,1,2,19,0,2,False
307,1,3,19,0,14,False
308,1,4,19,0,7,False
309,1,5,19,10,0,True
310,1,6,19,13,0,True
311,1,7,19,0,9,False
312,1,8,19,0,8,False
313,1,9,19,0,16,False
314,1,10,19,6,0,True
315,1,11,19,12,0,True
316,1,12,19,5,0,True
317,1,13,19,0,11,False
318,1,14,19,4,0,True
319,1,15,19,0,3,False
320,1,0,20,1,0,True
321,1,1,20,14,0,True
322,1,2,20,0,3,False
323,1,3,20,0,15,False
324,1,4,20,5,0,True
325,1,5,20,7,0,True
326,1,6,20,8,0,True
327,1,7,20,9,0,True
328,1,8,20,0,11,False
329,1,9,20,0,16,False
330,1,10,20,0,2,False
331,1,11,20,12,0,True
332,1,12,20,6,0,True
333,1,13,20,0,10,False
334,1,14,20,4,0,True
335,1,15,20,0,13,False
336,1,0,21,11,0,True
337,1,1,21,16,0,True
338,1,2,21,0,10,False
339,1,3,21,0,15,False
340,1,4,21,0,5,False
341,1,5,21,0,6,False
342,1,6,21,14,0,True
343,1,7,21,12,0,True
344,1,8,21,0,9,False
345,1,9,21,0,7,False
346,1,10,21,4,0,True
347,1,11,21,8,0,True
348,1,12,21,0,3,False
349,1,13,21,1,0,True
350,1,14,21,0,2,False
351,1,15,21,0,13,False
352,1,0,22,1,0,True
353,1,1,22,16,0,True
354,1,2,22,0,12,False
355,1,3,22,0,15,False
356,1,4,22,3,0,True
357,1,5,22,9,0,True
358,1,6,22,11,0,True
359,1,7,22,10,0,True
360,1,8,22,0,2,False
361,1,9,22,0,7,False
362,1,10,22,0,8,False
363,1,11,22,6,0,True
364,1,12,22,5,0,True
365,1,13,22,0,14,False
366,1,14,22,4,0,True
367,1,15,22,0,13,False
368,1,0,23,0,16,False
369,1,1,23,15,0,True
370,1,2,23,0,14,False
371,1,3,23,0,13,False
372,1,4,23,12,0,True
373,1,5,23,11,0,True
374,1,6,23,10,0,True
375,1,7,23,9,0,True
376,1,8,23,0,8,False
377,1,9,23,0,7,False
378,1,10,23,0,6,False
379,1,11,23,5,0,True
380,1,12,23,0,4,False
381,1,13,23,0,3,False
382,1,14,23,2,0,True
383,1,15,23,0,1,False
384,1,0,24,7,0,True
385,1,1,24,15,0,True
386,1,2,24,0,6,False
387,1,3,24,0,14,False
388,1,4,24,4,0,True
389,1,5,24,5,0,True
390,1,6,24,9,0,True
391,1,7,24,8,0,True
392,1,8,24,0,16,False
393,1,9,24,0,13,False
394,1,10,24,0,3,False
395,1,11,24,12,0,True
396,1,12,24,2,0,True
397,1,13,24,0,10,False
398,1,14,24,1,0,True
399,1,15,24,0,11,False
400,1,0,25,0,16,False
401,1,1,25,15,0,True
402,1,2,25,0,14,False
403,1,3,25,0,13,False
404,1,4,25,12,0,True
405,1,5,25,11,0,True
406,1,6,25,10,0,True
407,1,7,25,9,0,True
408,1,8,25,0,8,False
409,1,9,25,0,7,False
410,1,10,25,6,0,True
411,1,11,25,0,5,False
412,1,12,25,0,4,False
413,1,13,25,0,3,False
414,1,14,25,0,2,False
415,1,15,25,0,1,False
416,1,0,26,3,0,True
417,1,1,26,14,0,True
418,1,2,26,0,5,False
419,1,3,26,0,16,False
420,1,4,26,7,0,True
421,1,5,26,6,0,True
422,1,6,26,8,0,True
423,1,7,26,10,0,True
424,1,8,26,0,15,False
425,1,9,26,0,13,False
426,1,10,26,0,2,False
427,1,11,26,9,0,True
428,1,12,26,1,0,True
429,1,13,26,0,11,False
430,1,14,26,4,0,True
431,1,15,26,0,12,False
432,1,0,27,2,0,True
433,1,1,27,16,0,True
434,1,2,27,0,6,False
435,1,3,27,0,14,False
436,1,4,27,5,0,True
437,1,5,27,0,1,False
438,1,6,27,10,0,True
439,1,7,27,8,0,True
440,1,8,27,0,13,False
441,1,9,27,0,11,False
442,1,10,27,0,3,False
443,1,11,27,9,0,True
444,1,12,27,7,0,True
445,1,13,27,0,15,False
446,1,14,27,4,0,True
447,1,15,27,0,12,False
448,1,0,28,0,2,False
449,1,1,28,16,0,True
450,1,2,28,0,6,False
451,1,3,28,0,14,False
452,1,4,28,4,0,True
453,1,5,28,5,0,True
454,1,6,28,10,0,True
455,1,7,28,8,0,True
456,1,8,28,0,12,False
457,1,9,28,0,11,False
458,1,10,28,0,3,False
459,1,11,28,9,0,True
460,1,12,28,7,0,True
461,1,13,28,0,15,False
462,1,14,28,0,1,False
463,1,15,28,0,13,False
464,1,0,29,2,0,True
465,1,1,29,16,0,True
466,1,2,29,0,4,False
467,1,3,29,0,14,False
468,1,4,29,0,5,False
469,1,5,29,6,0,True
470,1,6,29,10,0,True
471,1,7,29,8,0,True
472,1,8,29,0,11,False
473,1,9,29,0,12,False
474,1,10,29,0,3,False
475,1,11,29,9,0,True
476,1,12,29,1,0,True
477,1,13,29,0,15,False
478,1,14,29,7,0,True
479,1,15,29,0,13,False
480,1,0,30,0,3,False
481,1,1,30,16,0,True
482,1,2,30,0,9,False
483,1,3,30,0,13,False
484,1,4,30,0,5,False
485,1,5,30,7,0,True
486,1,6,30,8,0,True
487,1,7,30,10,0,True
488,1,8,30,0,4,False
489,1,9,30,0,14,False
490,1,10,30,6,0,True
491,1,11,30,11,0,True
492,1,12,30,0,2,False
493,1,13,30,0,15,False
494,1,14,30,0,1,False
495,1,15,30,0,12,False
496,1,0,31,0,2,False
497,1,1,31,15,0,True
498,1,2,31,0,5,False
499,1,3,31,0,9,False
500,1,4,31,0,3,False
501,1,5,31,0,4,False
502,1,6,31,7,0,True
503,1,7,31,13,0,True
504,1,8,31,0,8,False
505,1,9,31,0,12,False
506,1,10,31,0,11,False
507,1,11,31,14,0,True
508,1,12,31,6,0,True
509,1,13,31,0,16,False
510,1,14,31,0,1,False
511,1,15,31,0,10,False
512,1,0,32,1,0,True
513,1,1,32,10,0,True
514,1,2,32,0,6,False
515,1,3,32,0,11,False
516,1,4,32,0,2,False
517,1,5,32,0,9,False
518,1,6,32,8,0,True
519,1,7,32,7,0,True
520,1,8,32,0,12,False
521,1,9,32,0,13,False
522,1,10,32,0,5,False
523,1,11,32,14,0,True
524,1,12,32,4,0,True
525,1,13,32,0,15,False
526,1,14,32,0,3,False
527,1,15,32,0,16,False
528,1,0,33,2,0,True
529,1,1,33,9,0,True
530,1,2,33,0,3,False
531,1,3,33,0,10,False
532,1,4,33,0,1,False
533,1,5,33,0,4,False
534,1,6,33,0,5,False
535,1,7,33,13,0,True
536,1,8,33,0,8,False
537,1,9,33,0,11,False
538,1,10,33,0,12,False
539,1,11,33,7,0,True
540,1,12,33,6,0,True
541,1,13,33,0,16,False
542,1,14,33,0,15,False
543,1,15,33,0,14,False
0,2,0,0,12,0,True
1,2,1,0,3,0,True
2,2,2,0,2,0,True
3,2,3,0,0,13,False
4,2,4,0,0,1,False
5,2,5,0,0,11,False
6,2,6,0,6,0,True
7,2,7,0,5,0,True
8,2,8,0,16,0,True
9,2,9,0,9,0,True
10,2,10,0,0,7,False
11,2,11,0,0,8,False
12,2,12,0,14,0,True
13,2,13,0,10,0,True
14,2,14,0,15,0,True
15,2,15,0,4,0,True
16,2,0,1,11,0,True
17,2,1,1,0,2,False
18,2,2,1,0,5,False
19,2,3,1,0,6,False
20,2,4,1,3,0,True
21,2,5,1,0,9,False
22,2,6,1,7,0,True
23,2,7,1,1,0,True
24,2,8,1,15,0,True
25,2,9,1,10,0,True
26,2,10,1,0,8,False
27,2,11,1,0,12,False
28,2,12,1,14,0,True
29,2,13,1,13,0,True
30,2,14,1,16,0,True
31,2,15,1,4,0,True
32,2,0,2,16,0,True
33,2,1,2,3,0,True
34,2,2,2,0,10,False
35,2,3,2,7,0,True
36,2,4,2,4,0,True
37,2,5,2,0,15,False
38,2,6,2,14,0,True
39,2,7,2,2,0,True
40,2,8,2,13,0,True
41,2,9,2,0,5,False
42,2,10,2,6,0,True
43,2,11,2,0,12,False
44,2,12,2,11,0,True
45,2,13,2,8,0,True
46,2,14,2,9,0,True
47,2,15,2,0,1,False
48,2,0,3,7,0,True
49,2,1,3,2,0,True
50,2,2,3,0,8,False
51,2,3,3,0,5,False
52,2,4,3,3,0,True
53,2,5,3,0,12,False
54,2,6,3,6,0,True
55,2,7,3,1,0,True
56,2,8,3,13,0,True
57,2,9,3,11,0,True
58,2,10,3,0,9,False
59,2,11,3,0,10,False
60,2,12,3,14,0,True
61,2,13,3,15,0,True
62,2,14,3,16,0,True
63,2,15,3,4,0,True
64,2,0,4,11,0,True
65,2,1,4,2,0,True
66,2,2,4,0,8,False
67,2,3,4,0,7,False
68,2,4,4,1,0,True
69,2,5,4,0,5,False
70,2,6,4,10,0,True
71,2,7,4,0,9,False
72,2,8,4,16,0,True
73,2,9,4,4,0,True
74,2,10,4,6,0,True
75,2,11,4,0,15,False
76,2,12,4,14,0,True
77,2,13,4,13,0,True
78,2,14,4,12,0,True
79,2,15,4,3,0,True
80,2,0,5,8,0,True
81,2,1,5,3,0,True
82,2,2,5,0,7,False
83,2,3,5,0,6,False
84,2,4,5,2,0,True
85,2,5,5,0,11,False
86,2,6,5,5,0,True
87,2,7,5,1,0,True
88,2,8,5,16,0,True
89,2,9,5,9,0,True
90,2,10,5,0,10,False
91,2,11,5,0,12,False
92,2,12,5,15,0,True
93,2,13,5,14,0,True
94,2,14,5,13,0,True
95,2,15,5,4,0,True
96,2,0,6,8,0,True
97,2,1,6,1,0,True
98,2,2,6,0,6,False
99,2,3,6,0,7,False
100,2,4,6,2,0,True
101,2,5,6,0,10,False
102,2,6,6,0,4,False
103,2,7,6,3,0,True
104,2,8,6,16,0,True
105,2,9,6,15,0,True
106,2,10,6,0,9,False
107,2,11,6,0,11,False
108,2,12,6,13,0,True
109,2,13,6,12,0,True
110,2,14,6,14,0,True
111,2,15,6,5,0,True
112,2,0,7,15,0,True
113,2,1,7,9,0,True
114,2,2,7,0,10,False
115,2,3,7,0,11,False
116,2,4,7,0,8,False
117,2,5,7,0,7,False
118,2,6,7,14,0,True
119,2,7,7,0,2,False
120,2,8,7,12,0,True
121,2,9,7,6,0,True
122,2,10,7,0,5,False
123,2,11,7,0,4,False
124,2,12,7,13,0,True
125,2,13,7,3,0,True
126,2,14,7,16,0,True
127,2,15,7,1,0,True
128,2,0,8,16,0,True
129,2,1,8,15,0,True
130,2,2,8,0,14,False
131,2,3,8,13,0,True
132,2,4,8,0,12,False
133,2,5,8,0,11,False
134,2,6,8,10,0,True
135,2,7,8,9,0,True
136,2,8,8,8,0,True
137,2,9,8,7,0,True
138,2,10,8,0,6,False
139,2,11,8,0,5,False
140,2,12,8,4,0,True
141,2,13,8,3,0,True
142,2,14,8,2,0,True
143,2,15,8,1,0,True
144,2,0,9,15,0,True
145,2,1,9,4,0,True
146,2,2,9,0,10,False
147,2,3,9,0,6,False
148,2,4,9,1,0,True
149,2,5,9,0,12,False
150,2,6,9,8,0,True
151,2,7,9,3,0,True
152,2,8,9,14,0,True
153,2,9,9,5,0,True
154,2,10,9,0,7,False
155,2,11,9,0,11,False
156,2,12,9,13,0,True
157,2,13,9,9,0,True
158,2,14,9,16,0,True
159,2,15,9,0,2,False
160,2,0,10,12,0,True
161,2,1,10,7,0,True
162,2,2,10,0,8,False
163,2,3,10,2,0,True
164,2,4,10,3,0,True
165,2,5,10,0,15,False
166,2,6,10,10,0,True
167,2,7,10,6,0,True
168,2,8,10,14,0,True
169,2,9,10,0,4,False
170,2,10,10,0,9,False
171,2,11,10,0,13,False
172,2,12,10,11,0,True
173,2,13,10,0,1,False
174,2,14,10,16,0,True
175,2,15,10,5,0,True
176,2,0,11,9,0,True
177,2,1,11,2,0,True
178,2,2,11,0,7,False
179,2,3,11,0,6,False
180,2,4,11,0,4,False
181,2,5,11,0,10,False
182,2,6,11,3,0,True
183,2,7,11,1,0,True
184,2,8,11,15,0,True
185,2,9,11,8,0,True
186,2,10,11,0,11,False
187,2,11,11,0,13,False
188,2,12,11,14,0,True
189,2,13,11,12,0,True
190,2,14,11,16,0,True
191,2,15,11,5,0,True
192,2,0,12,15,0,True
193,2,1,12,5,0,True
194,2,2,12,0,6,False
195,2,3,12,0,4,False
196,2,4,12,0,8,False
197,2,5,12,0,9,False
198,2,6,12,10,0,True
199,2,7,12,0,2,False
200,2,8,12,11,0,True
201,2,9,12,7,0,True
202,2,10,12,0,12,False
203,2,11,12,0,13,False
204,2,12,12,14,0,True
205,2,13,12,3,0,True
206,2,14,12,16,0,True
207,2,15,12,0,1,False
208,2,0,13,12,0,True
209,2,1,13,5,0,True
210,2,2,13,0,10,False
211,2,3,13,0,6,False
212,2,4,13,0,9,False
213,2,5,13,0,14,False
214,2,6,13,8,0,True
215,2,7,13,0,3,False
216,2,8,13,15,0,True
217,2,9,13,0,2,False
218,2,10,13,0,7,False
219,2,11,13,1,0,True
220,2,12,13,13,0,True
221,2,13,13,11,0,True
222,2,14,13,16,0,True
223,2,15,13,0,4,False
224,2,1,14,3,0,True
225,2,2,14,0,7,False
226,2,3,14,0,6,False
227,2,4,14,2,0,True
228,2,5,14,0,9,False
229,2,6,14,5,0,True
230,2,7,14,1,0,True
231,2,8,14,15,0,True
232,2,9,14,11,0,True
233,2,10,14,0,8,False
234,2,11,14,0,10,False
235,2,12,14,13,0,True
236,2,13,14,12,0,True
237,2,14,14,14,0,True
238,2,15,14,4,0,True
239,2,0,15,3,0,True
240,2,1,15,0,2,False
241,2,2,15,0,12,False
242,2,3,15,0,5,False
243,2,4,15,0,4,False
244,2,5,15,0,11,False
245,2,6,15,10,0,True
246,2,7,15,6,0,True
247,2,8,15,13,0,True
248,2,9,15,9,0,True
249,2,10,15,0,8,False
250,2,11,15,0,14,False
251,2,12,15,16,0,True
252,2,13,15,7,0,True
253,2,14,15,15,0,True
254,2,15,15,0,1,False
255,2,0,16,11,0,True
256,2,1,16,5,0,True
257,2,2,16,0,10,False
258,2,3,16,0,4,False
259,2,4,16,0,8,False
260,2,5,16,0,12,False
261,2,6,16,7,0,True
262,2,7,16,0,2,False
263,2,8,16,13,0,True
264,2,9,16,3,0,True
265,2,10,16,0,6,False
266,2,11,16,0,14,False
267,2,12,16,15,0,True
268,2,13,16,9,0,True
269,2,14,16,16,0,True
270,2,15,16,0,1,False
271,2,0,17,8,0,True
272,2,1,17,0,1,False
273,2,2,17,0,11,False
274,2,3,17,0,15,False
275,2,4,17,6,0,True
276,2,5,17,0,14,False
277,2,6,17,16,0,True
278,2,7,17,0,9,False
279,2,8,17,13,0,True
280,2,9,17,2,0,True
281,2,10,17,5,0,True
282,2,11,17,0,10,False
283,2,12,17,7,0,True
284,2,13,17,3,0,True
285,2,14,17,12,0,True
286,2,15,17,4,0,True
287,2,1,18,8,0,True
288,2,2,18,0,9,False
289,2,3,18,0,11,False
290,2,4,18,0,4,False
291,2,5,18,0,13,False
292,2,6,18,10,0,True
293,2,7,18,5,0,True
294,2,8,18,15,0,True
295,2,9,18,0,1,False
296,2,10,18,0,7,False
297,2,11,18,3,0,True
298,2,12,18,6,0,True
299,2,13,18,12,0,True
300,2,14,18,14,0,True
301,2,15,18,2,0,True
302,2,0,19,0,1,False
303,2,1,19,0,8,False
304,2,2,19,7,0,True
305,2,3,19,0,10,False
306,2,4,19,0,6,False
307,2,5,19,0,9,False
308,2,6,19,0,5,False
309,2,7,19,0,4,False
310,2,8,19,14,0,True
311,2,9,19,12,0,True
312,2,10,19,0,3,False
313,2,11,19,0,13,False
314,2,12,19,11,0,True
315,2,13,19,15,0,True
316,2,14,19,16,0,True
317,2,15,19,0,2,False
318,2,1,20,0,4,False
319,2,2,20,0,12,False
320,2,3,20,3,0,True
321,2,4,20,0,6,False
322,2,5,20,0,11,False
323,2,6,20,0,1,False
324,2,7,20,9,0,True
325,2,8,20,15,0,True
326,2,9,20,14,0,True
327,2,10,20,0,8,False
328,2,11,20,0,5,False
329,2,12,20,7,0,True
330,2,13,20,13,0,True
331,2,14,20,10,0,True
332,2,15,20,0,2,False
333,2,0,21,11,0,True
334,2,1,21,9,0,True
335,2,2,21,0,10,False
336,2,3,21,0,2,False
337,2,4,21,0,13,False
338,2,5,21,0,12,False
339,2,6,21,0,3,False
340,2,7,21,0,4,False
341,2,8,21,14,0,True
342,2,9,21,6,0,True
343,2,10,21,0,5,False
344,2,11,21,0,16,False
345,2,12,21,8,0,True
346,2,13,21,1,0,True
347,2,14,21,15,0,True
348,2,15,21,7,0,True
349,2,0,22,6,0,True
350,2,1,22,0,7,False
351,2,2,22,0,5,False
352,2,3,22,0,8,False
353,2,4,22,0,9,False
354,2,5,22,0,13,False
355,2,6,22,12,0,True
356,2,7,22,4,0,True
357,2,8,22,14,0,True
358,2,9,22,0,3,False
359,2,10,22,0,11,False
360,2,11,22,2,0,True
361,2,12,22,15,0,True
362,2,13,22,1,0,True
363,2,14,22,16,0,True
364,2,15,22,0,10,False
365,2,0,23,11,0,True
366,2,1,23,8,0,True
367,2,2,23,0,15,False
368,2,3,23,0,4,False
369,2,4,23,0,5,False
370,2,5,23,0,10,False
371,2,6,23,16,0,True
372,2,7,23,0,9,False
373,2,8,23,12,0,True
374,2,9,23,0,7,False
375,2,10,23,6,0,True
376,2,11,23,0,14,False
377,2,12,23,13,0,True
378,2,13,23,0,3,False
379,2,14,23,2,0,True
380,2,15,23,0,1,False
381,2,0,24,12,0,True
382,2,1,24,0,2,False
383,2,2,24,0,9,False
384,2,3,24,0,6,False
385,2,4,24,0,10,False
386,2,5,24,0,13,False
387,2,6,24,4,0,True
388,2,7,24,0,7,False
389,2,8,24,15,0,True
390,2,9,24,5,0,True
391,2,10,24,0,8,False
392,2,11,24,0,14,False
393,2,12,24,11,0,True
394,2,13,24,3,0,True
395,2,14,24,16,0,True
396,2,15,24,0,1,False
397,2,0,25,11,0,True
398,2,1,25,0,13,False
399,2,2,25,0,7,False
400,2,3,25,0,12,False
401,2,4,25,14,0,True
402,2,5,25,0,9,False
403,2,6,25,0,8,False
404,2,7,25,0,15,False
405,2,8,25,6,0,True
406,2,9,25,10,0,True
407,2,10,25,0,2,False
408,2,11,25,0,5,False
409,2,12,25,4,0,True
410,2,13,25,3,0,True
411,2,14,25,16,0,True
412,2,15,25,1,0,True
413,2,0,26,16,0,True
414,2,1,26,15,0,True
415,2,2,26,0,14,False
416,2,3,26,0,13,False
417,2,4,26,0,12,False
418,2,5,26,0,11,False
419,2,6,26,10,0,True
420,2,7,26,0,9,False
421,2,8,26,8,0,True
422,2,9,26,7,0,True
423,2,10,26,0,6,False
424,2,11,26,0,5,False
425,2,12,26,4,0,True
426,2,13,26,3,0,True
427,2,14,26,2,0,True
428,2,15,26,0,1,False
429,2,0,27,16,0,True
430,2,1,27,0,3,False
431,2,2,27,0,15,False
432,2,3,27,0,14,False
433,2,4,27,0,13,False
434,2,5,27,0,12,False
435,2,6,27,11,0,True
436,2,7,27,10,0,True
437,2,8,27,9,0,True
438,2,9,27,8,0,True
439,2,10,27,0,6,False
440,2,11,27,0,7,False
441,2,12,27,5,0,True
442,2,13,27,4,0,True
443,2,14,27,2,0,True
444,2,15,27,0,1,False
445,2,0,28,5,0,True
446,2,1,28,0,2,False
447,2,2,28,0,14,False
448,2,3,28,0,12,False
449,2,4,28,0,13,False
450,2,5,28,0,11,False
451,2,6,28,10,0,True
452,2,7,28,9,0,True
453,2,8,28,8,0,True
454,2,9,28,7,0,True
455,2,10,28,0,6,False
456,2,11,28,0,16,False
457,2,12,28,4,0,True
458,2,13,28,3,0,True
459,2,14,28,15,0,True
460,2,15,28,0,1,False
461,2,0,29,11,0,True
462,2,1,29,2,0,True
463,2,2,29,0,4,False
464,2,3,29,0,10,False
465,2,4,29,0,9,False
466,2,5,29,0,15,False
467,2,6,29,6,0,True
468,2,7,29,0,1,False
469,2,8,29,12,0,True
470,2,9,29,0,3,False
471,2,10,29,5,0,True
472,2,11,29,0,14,False
473,2,12,29,7,0,True
474,2,13,29,0,13,False
475,2,14,29,16,0,True
476,2,15,29,0,8,False
477,2,0,30,16,0,True
478,2,1,30,0,15,False
479,2,2,30,0,14,False
480,2,3,30,0,13,False
481,2,4,30,12,0,True
482,2,5,30,0,11,False
483,2,6,30,10,0,True
484,2,7,30,0,9,False
485,2,8,30,8,0,True
486,2,9,30,0,7,False
487,2,10,30,0,6,False
488,2,11,30,0,5,False
489,2,12,30,4,0,True
490,2,13,30,3,0,True
491,2,14,30,2,0,True
492,2,15,30,0,1,False
0,3,0,0,0,10,False
1,3,1,0,15,0,True
2,3,2,0,0,14,False
3,3,3,0,13,0,True
4,3,4,0,12,0,True
5,3,5,0,11,0,True
6,3,6,0,0,16,False
7,3,7,0,9,0,True
8,3,8,0,8,0,True
9,3,9,0,7,0,True
10,3,10,0,6,0,True
11,3,11,0,5,0,True
12,3,12,0,4,0,True
13,3,13,0,3,0,True
14,3,14,0,2,0,True
15,3,15,0,0,1,False
16,3,0,1,0,5,False
17,3,1,1,15,0,True
18,3,2,1,0,13,False
19,3,3,1,3,0,True
20,3,4,1,7,0,True
21,3,5,1,0,4,False
22,3,6,1,0,14,False
23,3,7,1,8,0,True
24,3,8,1,6,0,True
25,3,9,1,16,0,True
26,3,10,1,9,0,True
27,3,11,1,2,0,True
28,3,12,1,1,0,True
29,3,13,1,10,0,True
30,3,14,1,0,12,False
31,3,15,1,11,0,True
32,3,0,2,9,0,True
33,3,1,2,12,0,True
34,3,2,2,11,0,True
35,3,3,2,15,0,True
36,3,4,2,10,0,True
37,3,5,2,14,0,True
38,3,6,2,0,8,False
39,3,7,2,0,7,False
40,3,8,2,0,6,False
41,3,9,2,13,0,True
42,3,10,2,0,16,False
43,3,11,2,0,5,False
44,3,12,2,0,4,False
45,3,13,2,3,0,True
46,3,14,2,1,0,True
47,3,15,2,0,2,False
48,3,0,3,12,0,True
49,3,1,3,14,0,True
50,3,2,3,0,13,False
51,3,3,3,11,0,True
52,3,4,3,9,0,True
53,3,5,3,10,0,True
54,3,6,3,0,16,False
55,3,7,3,4,0,True
56,3,8,3,0,1,False
57,3,9,3,15,0,True
58,3,10,3,0,8,False
59,3,11,3,0,6,False
60,3,12,3,2,0,True
61,3,13,3,7,0,True
62,3,14,3,0,5,False
63,3,15,3,3,0,True
64,3,0,4,4,0,True
65,3,1,4,9,0,True
66,3,2,4,0,10,False
67,3,3,4,16,0,True
68,3,4,4,14,0,True
69,3,5,4,8,0,True
70,3,6,4,0,13,False
71,3,7,4,0,6,False
72,3,8,4,3,0,True
73,3,9,4,15,0,True
74,3,10,4,0,12,False
75,3,11,4,5,0,True
76,3,12,4,0,2,False
77,3,13,4,11,0,True
78,3,14,4,0,7,False
79,3,15,4,0,1,False
80,3,0,5,16,0,True
81,3,1,5,4,0,True
82,3,2,5,5,0,True
83,3,3,5,13,0,True
84,3,4,5,12,0,True
85,3,5,5,11,0,True
86,3,6,5,0,10,False
87,3,7,5,9,0,True
88,3,8,5,0,8,False
89,3,9,5,7,0,True
90,3,10,5,0,6,False
91,3,11,5,0,14,False
92,3,12,5,0,15,False
93,3,13,5,3,0,True
94,3,14,5,0,2,False
95,3,15,5,1,0,True
96,3,0,6,16,0,True
97,3,1,6,15,0,True
98,3,2,6,0,14,False
99,3,3,6,13,0,True
100,3,4,6,12,0,True
101,3,5,6,11,0,True
102,3,6,6,0,10,False
103,3,7,6,9,0,True
104,3,8,6,0,8,False
105,3,9,6,0,7,False
106,3,10,6,0,6,False
107,3,11,6,0,5,False
108,3,12,6,0,4,False
109,3,13,6,3,0,True
110,3,14,6,0,2,False
111,3,15,6,0,1,False
112,3,0,7,1,0,True
113,3,1,7,11,0,True
114,3,2,7,0,13,False
115,3,3,7,15,0,True
116,3,4,7,0,6,False
117,3,5,7,10,0,True
118,3,6,7,0,16,False
119,3,7,7,0,9,False
120,3,8,7,7,0,True
121,3,9,7,12,0,True
122,3,10,7,0,4,False
123,3,11,7,0,8,False
124,3,12,7,0,2,False
125,3,13,7,14,0,True
126,3,14,7,3,0,True
127,3,15,7,5,0,True
128,3,1,8,15,0,True
129,3,2,8,0,14,False
130,3,3,8,13,0,True
131,3,4,8,12,0,True
132,3,5,8,11,0,True
133,3,6,8,0,10,False
134,3,7,8,9,0,True
135,3,8,8,0,8,False
136,3,9,8,7,0,True
137,3,10,8,0,6,False
138,3,11,8,0,5,False
139,3,12,8,4,0,True
140,3,13,8,3,0,True
141,3,14,8,2,0,True
142,3,15,8,0,1,False
143,3,0,9,13,0,True
144,3,1,9,7,0,True
145,3,2,9,0,9,False
146,3,3,9,12,0,True
147,3,4,9,14,0,True
148,3,5,9,8,0,True
149,3,6,9,0,15,False
150,3,7,9,0,2,False
151,3,8,9,0,4,False
152,3,9,9,10,0,True
153,3,10,9,0,16,False
154,3,11,9,0,3,False
155,3,12,9,0,5,False
156,3,13,9,11,0,True
157,3,14,9,0,1,False
158,3,15,9,0,6,False
159,3,0,10,5,0,True
160,3,1,10,12,0,True
161,3,2,10,0,15,False
162,3,3,10,11,0,True
163,3,4,10,9,0,True
164,3,5,10,6,0,True
165,3,6,10,0,16,False
166,3,7,10,0,13,False
167,3,8,10,1,0,True
168,3,9,10,14,0,True
169,3,10,10,0,7,False
170,3,11,10,2,0,True
171,3,12,10,0,8,False
172,3,13,10,10,0,True
173,3,14,10,0,4,False
174,3,15,10,3,0,True
175,3,0,11,5,0,True
176,3,1,11,6,0,True
177,3,2,11,0,7,False
178,3,3,11,8,0,True
179,3,4,11,10,0,True
180,3,5,11,9,0,True
181,3,6,11,0,16,False
182,3,7,11,0,11,False
183,3,8,11,0,12,False
184,3,9,11,14,0,True
185,3,10,11,0,15,False
186,3,11,11,0,1,False
187,3,12,11,0,2,False
188,3,13,11,13,0,True
189,3,14,11,3,0,True
190,3,15,11,4,0,True
191,3,0,12,11,0,True
192,3,1,12,7,0,True
193,3,2,12,0,12,False
194,3,3,12,9,0,True
195,3,4,12,13,0,True
196,3,5,12,6,0,True
197,3,6,12,0,14,False
198,3,7,12,0,5,False
199,3,8,12,0,8,False
200,3,9,12,15,0,True
201,3,10,12,0,16,False
202,3,11,12,0,4,False
203,3,12,12,0,2,False
204,3,13,12,10,0,True
205,3,14,12,0,3,False
206,3,15,12,0,1,False
207,3,0,13,5,0,True
208,3,1,13,13,0,True
209,3,2,13,0,10,False
210,3,3,13,11,0,True
211,3,4,13,8,0,True
212,3,5,13,7,0,True
213,3,6,13,0,16,False
214,3,7,13,0,3,False
215,3,8,13,0,6,False
216,3,9,13,14,0,True
217,3,10,13,0,15,False
218,3,11,13,0,4,False
219,3,12,13,0,9,False
220,3,13,13,12,0,True
221,3,14,13,0,2,False
222,3,15,13,0,1,False
223,3,0,14,0,10,False
224,3,1,14,6,0,True
225,3,2,14,14,0,True
226,3,3,14,4,0,True
227,3,4,14,12,0,True
228,3,5,14,11,0,True
229,3,6,14,0,16,False
230,3,7,14,9,0,True
231,3,8,14,2,0,True
232,3,9,14,7,0,True
233,3,10,14,0,15,False
234,3,11,14,0,3,False
235,3,12,14,0,13,False
236,3,13,14,5,0,True
237,3,14,14,0,8,False
238,3,15,14,0,1,False
239,3,0,15,10,0,True
240,3,1,15,8,0,True
241,3,2,15,0,12,False
242,3,3,15,14,0,True
243,3,4,15,13,0,True
244,3,5,15,0,6,False
245,3,6,15,0,15,False
246,3,7,15,0,5,False
247,3,8,15,4,0,True
248,3,9,15,11,0,True
249,3,10,15,0,16,False
250,3,11,15,0,3,False
251,3,12,15,0,2,False
252,3,13,15,9,0,True
253,3,14,15,0,1,False
254,3,15,15,0,7,False
255,3,0,16,10,0,True
256,3,1,16,14,0,True
257,3,2,16,0,13,False
258,3,3,16,8,0,True
259,3,4,16,12,0,True
260,3,5,16,15,0,True
261,3,6,16,0,16,False
262,3,7,16,0,11,False
263,3,8,16,0,9,False
264,3,9,16,5,0,True
265,3,10,16,0,7,False
266,3,11,16,0,6,False
267,3,12,16,0,4,False
268,3,13,16,3,0,True
269,3,14,16,0,2,False
270,3,15,16,0,1,False
271,3,0,17,0,2,False
272,3,1,17,11,0,True
273,3,2,17,0,15,False
274,3,3,17,12,0,True
275,3,4,17,7,0,True
276,3,5,17,9,0,True
277,3,6,17,0,16,False
278,3,7,17,0,4,False
279,3,8,17,0,8,False
280,3,9,17,14,0,True
281,3,10,17,0,13,False
282,3,11,17,0,6,False
283,3,12,17,3,0,True
284,3,13,17,10,0,True
285,3,14,17,0,5,False
286,3,15,17,1,0,True
287,3,0,18,0,5,False
288,3,1,18,11,0,True
289,3,2,18,0,14,False
290,3,3,18,9,0,True
291,3,4,18,8,0,True
292,3,5,18,7,0,True
293,3,6,18,0,16,False
294,3,7,18,0,6,False
295,3,8,18,4,0,True
296,3,9,18,15,0,True
297,3,10,18,0,13,False
298,3,11,18,0,12,False
299,3,12,18,10,0,True
300,3,13,18,0,3,False
301,3,14,18,2,0,True
302,3,15,18,0,1,False
303,3,0,19,12,0,True
304,3,1,19,0,15,False
305,3,2,19,0,16,False
306,3,3,19,14,0,True
307,3,4,19,13,0,True
308,3,5,19,10,0,True
309,3,6,19,0,9,False
310,3,7,19,7,0,True
311,3,8,19,8,0,True
312,3,9,19,0,11,False
313,3,10,19,0,5,False
314,3,11,19,0,6,False
315,3,12,19,0,3,False
316,3,13,19,0,2,False
317,3,14,19,1,0,True
318,3,15,19,0,4,False
319,3,0,20,10,0,True
320,3,1,20,13,0,True
321,3,2,20,0,14,False
322,3,3,20,6,0,True
323,3,4,20,12,0,True
324,3,5,20,11,0,True
325,3,6,20,0,16,False
326,3,7,20,0,9,False
327,3,8,20,0,8,False
328,3,9,20,7,0,True
329,3,10,20,0,15,False
330,3,11,20,0,5,False
331,3,12,20,0,4,False
332,3,13,20,3,0,True
333,3,14,20,2,0,True
334,3,15,20,0,1,False
335,3,0,21,0,16,False
336,3,1,21,15,0,True
337,3,2,21,0,14,False
338,3,3,21,13,0,True
339,3,4,21,12,0,True
340,3,5,21,0,11,False
341,3,6,21,0,10,False
342,3,7,21,0,9,False
343,3,8,21,0,8,False
344,3,9,21,7,0,True
345,3,10,21,0,6,False
346,3,11,21,5,0,True
347,3,12,21,4,0,True
348,3,13,21,3,0,True
349,3,14,21,2,0,True
350,3,15,21,1,0,True
351,3,0,22,0,3,False
352,3,1,22,0,2,False
353,3,2,22,4,0,True
354,3,3,22,13,0,True
355,3,4,22,12,0,True
356,3,5,22,11,0,True
357,3,6,22,0,16,False
358,3,7,22,1,0,True
359,3,8,22,0,5,False
360,3,9,22,7,0,True
361,3,10,22,0,15,False
362,3,11,22,0,6,False
363,3,12,22,0,8,False
364,3,13,22,14,0,True
365,3,14,22,0,10,False
366,3,15,22,0,9,False
367,3,0,23,4,0,True
368,3,1,23,0,1,False
369,3,2,23,0,13,False
370,3,3,23,12,0,True
371,3,4,23,8,0,True
372,3,5,23,11,0,True
373,3,6,23,0,16,False
374,3,7,23,0,2,False
375,3,8,23,0,9,False
376,3,9,23,10,0,True
377,3,10,23,0,15,False
378,3,11,23,0,7,False
379,3,12,23,0,5,False
380,3,13,23,14,0,True
381,3,14,23,0,6,False
382,3,15,23,0,3,False
383,3,0,24,16,0,True
384,3,1,24,15,0,True
385,3,2,24,14,0,True
386,3,3,24,0,13,False
387,3,4,24,0,12,False
388,3,5,24,0,11,False
389,3,6,24,0,10,False
390,3,7,24,0,9,False
391,3,8,24,0,8,False
392,3,9,24,7,0,True
393,3,10,24,0,6,False
394,3,11,24,5,0,True
395,3,12,24,0,4,False
396,3,13,24,0,3,False
397,3,14,24,2,0,True
398,3,15,24,0,1,False
399,3,0,25,1,0,True
400,3,1,25,0,3,False
401,3,2,25,0,14,False
402,3,3,25,15,0,True
403,3,4,25,12,0,True
404,3,5,25,11,0,True
405,3,6,25,0,16,False
406,3,7,25,4,0,True
407,3,8,25,0,13,False
408,3,9,25,5,0,True
409,3,10,25,0,10,False
410,3,11,25,0,7,False
411,3,12,25,0,9,False
412,3,13,25,8,0,True
413,3,14,25,0,6,False
414,3,15,25,2,0,True
415,3,0,26,0,4,False
416,3,1,26,6,0,True
417,3,2,26,0,14,False
418,3,3,26,13,0,True
419,3,4,26,7,0,True
420,3,5,26,0,3,False
421,3,6,26,0,15,False
422,3,7,26,0,8,False
423,3,8,26,0,11,False
424,3,9,26,16,0,True
425,3,10,26,0,5,False
426,3,11,26,0,10,False
427,3,12,26,2,0,True
428,3,13,26,12,0,True
429,3,14,26,0,9,False
430,3,15,26,0,1,False
431,3,1,27,13,0,True
432,3,2,27,0,14,False
433,3,3,27,9,0,True
434,3,4,27,0,10,False
435,3,5,27,8,0,True
436,3,6,27,0,15,False
437,3,7,27,2,0,True
438,3,8,27,0,12,False
439,3,9,27,4,0,True
440,3,10,27,0,5,False
441,3,11,27,0,6,False
442,3,12,27,0,3,False
443,3,13,27,11,0,True
444,3,14,27,1,0,True
445,3,15,27,7,0,True
446,3,0,28,0,7,False
447,3,1,28,14,0,True
448,3,2,28,0,6,False
449,3,3,28,8,0,True
450,3,4,28,5,0,True
451,3,5,28,3,0,True
452,3,6,28,0,15,False
453,3,7,28,0,11,False
454,3,8,28,12,0,True
455,3,9,28,9,0,True
456,3,10,28,0,10,False
457,3,11,28,0,4,False
458,3,12,28,1,0,True
459,3,13,28,2,0,True
460,3,14,28,0,13,False
461,3,15,28,0,16,False
462,3,0,29,13,0,True
463,3,1,29,15,0,True
464,3,2,29,0,12,False
465,3,3,29,0,1,False
466,3,4,29,0,14,False
467,3,5,29,11,0,True
468,3,6,29,0,10,False
469,3,7,29,0,8,False
470,3,8,29,0,7,False
471,3,9,29,2,0,True
472,3,10,29,0,16,False
473,3,11,29,0,9,False
474,3,12,29,0,6,False
475,3,13,29,3,0,True
476,3,14,29,4,0,True
477,3,15,29,0,5,False
478,3,0,30,0,6,False
479,3,1,30,12,0,True
480,3,2,30,0,9,False
481,3,3,30,14,0,True
482,3,4,30,0,8,False
483,3,5,30,1,0,True
484,3,6,30,0,16,False
485,3,7,30,0,15,False
486,3,8,30,0,10,False
487,3,9,30,11,0,True
488,3,10,30,0,13,False
489,3,11,30,2,0,True
490,3,12,30,0,7,False
491,3,13,30,5,0,True
492,3,14,30,0,4,False
493,3,15,30,0,3,False
0,4,0,0,5,0,True
1,4,1,0,7,0,True
2,4,2,0,12,0,True
3,4,3,0,4,0,True
4,4,4,0,0,6,False
5,4,5,0,14,0,True
6,4,6,0,13,0,True
7,4,7,0,0,9,False
8,4,8,0,0,8,False
9,4,9,0,0,2,False
10,4,10,0,15,0,True
11,4,11,0,11,0,True
12,4,12,0,3,0,True
13,4,13,0,16,0,True
14,4,14,0,10,0,True
15,4,15,0,1,0,True
16,4,0,1,11,0,True
17,4,1,1,4,0,True
18,4,2,1,10,0,True
19,4,3,1,9,0,True
20,4,4,1,6,0,True
21,4,5,1,15,0,True
22,4,6,1,14,0,True
23,4,7,1,0,8,False
24,4,8,1,0,13,False
25,4,9,1,7,0,True
26,4,10,1,12,0,True
27,4,11,1,3,0,True
28,4,12,1,2,0,True
29,4,13,1,16,0,True
30,4,14,1,1,0,True
31,4,15,1,0,5,False
32,4,0,2,12,0,True
33,4,1,2,8,0,True
34,4,2,2,7,0,True
35,4,3,2,9,0,True
36,4,4,2,0,5,False
37,4,5,2,15,0,True
38,4,6,2,14,0,True
39,4,7,2,0,11,False
40,4,8,2,0,13,False
41,4,9,2,3,0,True
42,4,10,2,10,0,True
43,4,11,2,4,0,True
44,4,12,2,6,0,True
45,4,13,2,16,0,True
46,4,14,2,2,0,True
47,4,15,2,0,1,False
48,4,0,3,0,3,False
49,4,1,3,9,0,True
50,4,2,3,10,0,True
51,4,3,3,11,0,True
52,4,4,3,8,0,True
53,4,5,3,14,0,True
54,4,6,3,12,0,True
55,4,7,3,0,15,False
56,4,8,3,0,6,False
57,4,9,3,0,4,False
58,4,10,3,13,0,True
59,4,11,3,0,5,False
60,4,12,3,7,0,True
61,4,13,3,16,0,True
62,4,14,3,2,0,True
63,4,15,3,0,1,False
64,4,1,4,15,0,True
65,4,2,4,14,0,True
66,4,3,4,13,0,True
67,4,4,4,0,12,False
68,4,5,4,11,0,True
69,4,6,4,10,0,True
70,4,7,4,9,0,True
71,4,8,4,0,8,False
72,4,9,4,7,0,True
73,4,10,4,6,0,True
74,4,11,4,5,0,True
75,4,12,4,4,0,True
76,4,13,4,3,0,True
77,4,14,4,2,0,True
78,4,15,4,1,0,True
79,4,0,5,0,1,False
80,4,1,5,12,0,True
81,4,2,5,11,0,True
82,4,3,5,10,0,True
83,4,4,5,0,9,False
84,4,5,5,16,0,True
85,4,6,5,15,0,True
86,4,7,5,0,8,False
87,4,8,5,0,14,False
88,4,9,5,0,2,False
89,4,10,5,5,0,True
90,4,11,5,7,0,True
91,4,12,5,6,0,True
92,4,13,5,13,0,True
93,4,14,5,4,0,True
94,4,15,5,0,3,False
95,4,0,6,12,0,True
96,4,1,6,6,0,True
97,4,2,6,7,0,True
98,4,3,6,9,0,True
99,4,4,6,0,2,False
100,4,5,6,15,0,True
101,4,6,6,14,0,True
102,4,7,6,0,11,False
103,4,8,6,0,13,False
104,4,9,6,0,10,False
105,4,10,6,8,0,True
106,4,11,6,0,1,False
107,4,12,6,5,0,True
108,4,13,6,16,0,True
109,4,14,6,3,0,True
110,4,15,6,4,0,True
111,4,1,7,15,0,True
112,4,2,7,14,0,True
113,4,3,7,13,0,True
114,4,4,7,0,12,False
115,4,5,7,10,0,True
116,4,6,7,9,0,True
117,4,7,7,5,0,True
118,4,8,7,1,0,True
119,4,9,7,0,8,False
120,4,10,7,7,0,True
121,4,11,7,6,0,True
122,4,12,7,4,0,True
123,4,13,7,11,0,True
124,4,14,7,3,0,True
125,4,15,7,0,2,False
126,4,0,8,0,12,False
127,4,1,8,14,0,True
128,4,2,8,15,0,True
129,4,3,8,10,0,True
130,4,4,8,0,9,False
131,4,5,8,13,0,True
132,4,6,8,7,0,True
133,4,7,8,0,8,False
134,4,8,8,0,4,False
135,4,9,8,3,0,True
136,4,10,8,11,0,True
137,4,11,8,2,0,True
138,4,12,8,1,0,True
139,4,13,8,16,0,True
140,4,14,8,5,0,True
141,4,15,8,0,6,False
142,4,0,9,12,0,True
143,4,1,9,8,0,True
144,4,2,9,6,0,True
145,4,3,9,7,0,True
146,4,4,9,0,5,False
147,4,5,9,15,0,True
148,4,6,9,14,0,True
149,4,7,9,0,9,False
150,4,8,9,0,10,False
151,4,9,9,0,11,False
152,4,10,9,13,0,True
153,4,11,9,4,0,True
154,4,12,9,0,2,False
155,4,13,9,16,0,True
156,4,14,9,0,3,False
157,4,15,9,0,1,False
158,4,0,10,0,6,False
159,4,1,10,7,0,True
160,4,2,10,8,0,True
161,4,3,10,9,0,True
162,4,4,10,0,10,False
163,4,5,10,0,5,False
164,4,6,10,11,0,True
165,4,7,10,0,4,False
166,4,8,10,0,12,False
167,4,9,10,0,3,False
168,4,10,10,16,0,True
169,4,11,10,13,0,True
170,4,12,10,2,0,True
171,4,13,10,15,0,True
172,4,14,10,14,0,True
173,4,15,10,0,1,False
174,4,0,11,4,0,True
175,4,1,11,6,0,True
176,4,2,11,10,0,True
177,4,3,11,7,0,True
178,4,4,11,0,5,False
179,4,5,11,13,0,True
180,4,6,11,8,0,True
181,4,7,11,0,12,False
182,4,8,11,0,11,False
183,4,9,11,0,1,False
184,4,10,11,9,0,True
185,4,11,11,3,0,True
186,4,12,11,2,0,True
187,4,13,11,16,0,True
188,4,14,11,15,0,True
189,4,15,11,0,14,False
190,4,0,12,7,0,True
191,4,1,12,8,0,True
192,4,2,12,6,0,True
193,4,3,12,9,0,True
194,4,4,12,0,10,False
195,4,5,12,15,0,True
196,4,6,12,13,0,True
197,4,7,12,0,4,False
198,4,8,12,0,12,False
199,4,9,12,0,3,False
200,4,10,12,14,0,True
201,4,11,12,0,2,False
202,4,12,12,0,1,False
203,4,13,12,16,0,True
204,4,14,12,5,0,True
205,4,15,12,0,11,False
206,4,0,13,0,11,False
207,4,1,13,15,0,True
208,4,2,13,10,0,True
209,4,3,13,5,0,True
210,4,4,13,0,12,False
211,4,5,13,16,0,True
212,4,6,13,14,0,True
213,4,7,13,0,9,False
214,4,8,13,0,6,False
215,4,9,13,3,0,True
216,4,10,13,8,0,True
217,4,11,13,13,0,True
218,4,12,13,0,4,False
219,4,13,13,7,0,True
220,4,14,13,2,0,True
221,4,15,13,0,1,False
222,4,0,14,0,1,False
223,4,1,14,12,0,True
224,4,2,14,8,0,True
225,4,3,14,10,0,True
226,4,4,14,0,11,False
227,4,5,14,16,0,True
228,4,6,14,13,0,True
229,4,7,14,0,15,False
230,4,8,14,0,9,False
231,4,9,14,0,6,False
232,4,10,14,7,0,True
233,4,11,14,5,0,True
234,4,12,14,4,0,True
235,4,13,14,14,0,True
236,4,14,14,3,0,True
237,4,15,14,0,2,False
238,4,0,15,4,0,True
239,4,1,15,9,0,True
240,4,2,15,0,1,False
241,4,3,15,6,0,True
242,4,4,15,0,8,False
243,4,5,15,15,0,True
244,4,6,15,14,0,True
245,4,7,15,0,11,False
246,4,8,15,0,12,False
247,4,9,15,3,0,True
248,4,10,15,13,0,True
249,4,11,15,0,2,False
250,4,12,15,5,0,True
251,4,13,15,16,0,True
252,4,14,15,7,0,True
253,4,15,15,0,10,False
254,4,0,16,9,0,True
255,4,1,16,0,10,False
256,4,2,16,16,0,True
257,4,3,16,14,0,True
258,4,4,16,13,0,True
259,4,5,16,12,0,True
260,4,6,16,11,0,True
261,4,7,16,0,8,False
262,4,8,16,7,0,True
263,4,9,16,6,0,True
264,4,10,16,0,5,False
265,4,11,16,0,4,False
266,4,12,16,0,3,False
267,4,13,16,0,15,False
268,4,14,16,2,0,True
269,4,15,16,1,0,True
270,4,0,17,15,0,True
271,4,1,17,14,0,True
272,4,2,17,0,9,False
273,4,3,17,0,7,False
274,4,4,17,4,0,True
275,4,5,17,10,0,True
276,4,6,17,13,0,True
277,4,7,17,5,0,True
278,4,8,17,0,11,False
279,4,9,17,8,0,True
280,4,10,17,0,6,False
281,4,11,17,0,12,False
282,4,12,17,3,0,True
283,4,13,17,16,0,True
284,4,14,17,0,2,False
285,4,15,17,1,0,True
286,4,0,18,0,5,False
287,4,1,18,15,0,True
288,4,2,18,14,0,True
289,4,3,18,13,0,True
290,4,4,18,3,0,True
291,4,5,18,0,7,False
292,4,6,18,12,0,True
293,4,7,18,0,11,False
294,4,8,18,0,10,False
295,4,9,18,0,4,False
296,4,10,18,9,0,True
297,4,11,18,0,2,False
298,4,12,18,0,1,False
299,4,13,18,16,0,True
300,4,14,18,6,0,True
301,4,15,18,0,8,False
302,4,0,19,3,0,True
303,4,1,19,4,0,True
304,4,2,19,11,0,True
305,4,3,19,7,0,True
306,4,4,19,0,6,False
307,4,5,19,15,0,True
308,4,6,19,14,0,True
309,4,7,19,0,12,False
310,4,8,19,0,13,False
311,4,9,19,0,10,False
312,4,10,19,5,0,True
313,4,11,19,0,2,False
314,4,12,19,1,0,True
315,4,13,19,16,0,True
316,4,14,19,9,0,True
317,4,15,19,0,8,False
318,4,0,20,14,0,True
319,4,1,20,8,0,True
320,4,2,20,2,0,True
321,4,3,20,0,12,False
322,4,4,20,0,11,False
323,4,5,20,7,0,True
324,4,6,20,3,0,True
325,4,7,20,0,16,False
326,4,8,20,0,9,False
327,4,9,20,0,4,False
328,4,10,20,10,0,True
329,4,11,20,6,0,True
330,4,12,20,15,0,True
331,4,13,20,13,0,True
332,4,14,20,5,0,True
333,4,15,20,0,1,False
334,4,1,21,14,0,True
335,4,2,21,13,0,True
336,4,3,21,0,8,False
337,4,4,21,0,12,False
338,4,5,21,15,0,True
339,4,6,21,11,0,True
340,4,7,21,0,10,False
341,4,8,21,0,9,False
342,4,9,21,7,0,True
343,4,10,21,0,3,False
344,4,11,21,5,0,True
345,4,12,21,4,0,True
346,4,13,21,6,0,True
347,4,14,21,2,0,True
348,4,15,21,0,1,False
349,4,0,22,3,0,True
350,4,1,22,14,0,True
351,4,2,22,4,0,True
352,4,3,22,0,5,False
353,4,4,22,0,12,False
354,4,5,22,15,0,True
355,4,6,22,13,0,True
356,4,7,22,0,11,False
357,4,8,22,8,0,True
358,4,9,22,0,7,False
359,4,10,22,10,0,True
360,4,11,22,9,0,True
361,4,12,22,0,6,False
362,4,13,22,0,1,False
363,4,14,22,0,2,False
364,4,15,22,0,16,False
365,4,0,23,4,0,True
366,4,1,23,15,0,True
367,4,2,23,0,14,False
368,4,3,23,0,11,False
369,4,4,23,0,12,False
370,4,5,23,13,0,True
371,4,6,23,10,0,True
372,4,7,23,0,9,False
373,4,8,23,0,8,False
374,4,9,23,0,7,False
375,4,10,23,6,0,True
376,4,11,23,5,0,True
377,4,12,23,16,0,True
378,4,13,23,3,0,True
379,4,14,23,2,0,True
380,4,15,23,1,0,True
381,4,0,24,4,0,True
382,4,1,24,15,0,True
383,4,2,24,0,5,False
384,4,3,24,12,0,True
385,4,4,24,9,0,True
386,4,5,24,0,1,False
387,4,6,24,0,7,False
388,4,7,24,0,13,False
389,4,8,24,0,10,False
390,4,9,24,2,0,True
391,4,10,24,14,0,True
392,4,11,24,3,0,True
393,4,12,24,0,6,False
394,4,13,24,16,0,True
395,4,14,24,0,8,False
396,4,15,24,0,11,False
397,4,1,25,15,0,True
398,4,2,25,14,0,True
399,4,3,25,13,0,True
400,4,4,25,0,12,False
401,4,5,25,11,0,True
402,4,6,25,10,0,True
403,4,7,25,0,9,False
404,4,8,25,0,8,False
405,4,9,25,0,7,False
406,4,10,25,0,6,False
407,4,11,25,5,0,True
408,4,12,25,0,4,False
409,4,13,25,3,0,True
410,4,14,25,2,0,True
411,4,15,25,0,1,False
412,4,0,26,0,5,False
413,4,1,26,16,0,True
414,4,2,26,0,3,False
415,4,3,26,8,0,True
416,4,4,26,0,10,False
417,4,5,26,11,0,True
418,4,6,26,12,0,True
419,4,7,26,0,13,False
420,4,8,26,0,14,False
421,4,9,26,0,6,False
422,4,10,26,15,0,True
423,4,11,26,0,4,False
424,4,12,26,7,0,True
425,4,13,26,0,1,False
426,4,14,26,0,2,False
427,4,15,26,0,9,False
428,4,0,27,16,0,True
429,4,1,27,0,15,False
430,4,2,27,14,0,True
431,4,3,27,0,13,False
432,4,4,27,12,0,True
433,4,5,27,0,11,False
434,4,6,27,0,10,False
435,4,7,27,9,0,True
436,4,8,27,0,8,False
437,4,9,27,0,7,False
438,4,10,27,0,6,False
439,4,11,27,5,0,True
440,4,12,27,4,0,True
441,4,13,27,3,0,True
442,4,14,27,0,2,False
443,4,15,27,1,0,True
444,4,1,28,2,0,True
445,4,2,28,0,15,False
446,4,3,28,3,0,True
447,4,4,28,0,4,False
448,4,5,28,14,0,True
449,4,6,28,5,0,True
450,4,7,28,0,6,False
451,4,8,28,13,0,True
452,4,9,28,0,7,False
453,4,10,28,0,8,False
454,4,11,28,9,0,True
455,4,12,28,0,10,False
456,4,13,28,0,1,False
457,4,14,28,11,0,True
458,4,15,28,0,12,False
459,4,0,29,0,11,False
460,4,1,29,16,0,True
461,4,2,29,0,10,False
462,4,3,29,0,9,False
463,4,4,29,0,7,False
464,4,5,29,4,0,True
465,4,6,29,8,0,True
466,4,7,29,0,3,False
467,4,8,29,0,12,False
468,4,9,29,0,2,False
469,4,10,29,0,1,False
470,4,11,29,13,0,True
471,4,12,29,0,6,False
472,4,13,29,15,0,True
473,4,14,29,0,5,False
474,4,15,29,0,14,False
475,4,11,30,2,0,True
476,4,12,30,1,0,True
477,4,13,30,5,0,True
478,4,14,30,3,0,True
479,4,15,30,0,4,False
